{
    "schemaVersion": "1.0.0",
    "readme": "",
    "modules": [
      {
        "kind": "javascript-module",
        "path": "src/wc-toast-close-button.js",
        "declarations": [
          {
            "kind": "class",
            "description": "",
            "name": "WCToastCloseButton",
            "cssProperties": [
              {
                "description": "stroke. Default is #2a2a32;",
                "name": "--wc-toast-stroke",
                "default": "#2a2a32"
              }
            ],
            "members": [
              {
                "kind": "method",
                "name": "template",
                "static": true
              },
              {
                "kind": "field",
                "name": "template"
              },
              {
                "kind": "field",
                "name": "innerHTML"
              }
            ],
            "superclass": {
              "name": "HTMLElement"
            },
            "tagName": "wc-toast-close-button",
            "summary": "- button to dismiss toast item",
            "customElement": true
          }
        ],
        "exports": [
          {
            "kind": "js",
            "name": "default",
            "declaration": {
              "name": "WCToastCloseButton",
              "module": "src/wc-toast-close-button.js"
            }
          },
          {
            "kind": "custom-element-definition",
            "name": "wc-toast-close-button",
            "declaration": {
              "name": "WCToastCloseButton",
              "module": "src/wc-toast-close-button.js"
            }
          }
        ]
      },
      {
        "kind": "javascript-module",
        "path": "src/wc-toast-content.js",
        "declarations": [
          {
            "kind": "class",
            "description": "",
            "name": "WCToastContent",
            "cssProperties": [
              {
                "description": "margin of toast content",
                "name": "--wc-toast-content-margin",
                "default": "'4px 10px'"
              },
              {
                "description": "color. Default is #000",
                "name": "--wc-toast-color",
                "default": "\"#000\""
              },
              {
                "description": "font-family. Default is 'Roboto', 'Amiri', sans-serif;",
                "name": "--wc-toast-font-family",
                "default": "\"'Roboto', 'Amiri', sans-serif\""
              },
              {
                "description": "font-size. Default is 16px",
                "name": "--wc-toast-font-size",
                "default": "\"16px\""
              }
            ],
            "slots": [
              {
                "description": "add your custom content such as HTMLElement to toast item",
                "name": "content"
              }
            ],
            "members": [
              {
                "kind": "method",
                "name": "template",
                "static": true
              },
              {
                "kind": "field",
                "name": "template"
              },
              {
                "kind": "field",
                "name": "innerHTML"
              }
            ],
            "attributes": [
              {
                "type": {
                  "text": "string"
                },
                "description": "message to be displayed in toast item",
                "name": "message"
              }
            ],
            "superclass": {
              "name": "HTMLElement"
            },
            "tagName": "wc-toast-content",
            "summary": "- message or content to be displayed in toast item",
            "customElement": true
          }
        ],
        "exports": [
          {
            "kind": "js",
            "name": "default",
            "declaration": {
              "name": "WCToastContent",
              "module": "src/wc-toast-content.js"
            }
          },
          {
            "kind": "custom-element-definition",
            "name": "wc-toast-content",
            "declaration": {
              "name": "WCToastContent",
              "module": "src/wc-toast-content.js"
            }
          }
        ]
      },
      {
        "kind": "javascript-module",
        "path": "src/wc-toast-icon.js",
        "declarations": [
          {
            "kind": "class",
            "description": "",
            "name": "WCToastIcon",
            "slots": [
              {
                "description": "Put your custom svg icon here",
                "name": "svg"
              }
            ],
            "members": [
              {
                "kind": "method",
                "name": "createIcon",
                "parameters": [
                  {
                    "name": "toastType",
                    "default": "'blank'"
                  },
                  {
                    "name": "icon",
                    "default": "''"
                  }
                ]
              },
              {
                "kind": "method",
                "name": "template",
                "static": true
              },
              {
                "kind": "field",
                "name": "template"
              },
              {
                "kind": "field",
                "name": "innerHTML"
              }
            ],
            "attributes": [
              {
                "type": {
                  "text": "'blank' | 'success' | 'loading' | 'error' | 'custom' | 'svg'"
                },
                "description": "type of icon",
                "name": "type"
              }
            ],
            "superclass": {
              "name": "HTMLElement"
            },
            "tagName": "wc-toast-icon",
            "summary": "- custom element to add default icon, custom emoji, or svg icon to toast items",
            "customElement": true
          }
        ],
        "exports": [
          {
            "kind": "js",
            "name": "default",
            "declaration": {
              "name": "WCToastIcon",
              "module": "src/wc-toast-icon.js"
            }
          },
          {
            "kind": "custom-element-definition",
            "name": "wc-toast-icon",
            "declaration": {
              "name": "WCToastIcon",
              "module": "src/wc-toast-icon.js"
            }
          }
        ]
      },
      {
        "kind": "javascript-module",
        "path": "src/wc-toast-item.js",
        "declarations": [
          {
            "kind": "class",
            "description": "",
            "name": "WCToastItem",
            "cssProperties": [
              {
                "description": "Background color of toast item and toast icon. Dark theme will use #2a2a32",
                "name": "--wc-toast-background",
                "default": "\"#fff\""
              },
              {
                "description": "Stroke color of toast icon svg item (if any). Dark theme will use #f9f9fa",
                "name": "--wc-toast-stroke",
                "default": "\"#2a2a32\""
              },
              {
                "description": "Text color of toast item. Dark theme will use #f9f9fa",
                "name": "--wc-toast-color",
                "default": "\"#000\""
              },
              {
                "description": "margin of toast content",
                "name": "--wc-toast-content-margin",
                "default": "'4px 10px'"
              },
              {
                "description": "color. Default is #000",
                "name": "--wc-toast-color",
                "default": "\"#000\""
              },
              {
                "description": "font-family. Default is 'Roboto', 'Amiri', sans-serif;",
                "name": "--wc-toast-font-family",
                "default": "\"'Roboto', 'Amiri', sans-serif\""
              },
              {
                "description": "font-size. Default is 16px",
                "name": "--wc-toast-font-size",
                "default": "\"16px\""
              }
            ],
            "slots": [
              {
                "description": "This is a default/unnamed slot",
                "name": ""
              }
            ],
            "members": [
              {
                "kind": "method",
                "name": "getDurationByType",
                "parameters": [
                  {
                    "name": "type"
                  }
                ]
              },
              {
                "kind": "method",
                "name": "template",
                "static": true
              },
              {
                "kind": "field",
                "name": "createdAt",
                "default": "new Date()"
              },
              {
                "kind": "field",
                "name": "EXIT_ANIMATION_DURATION",
                "type": {
                  "text": "number"
                },
                "default": "350"
              },
              {
                "kind": "field",
                "name": "template"
              },
              {
                "kind": "field",
                "name": "innerHTML"
              }
            ],
            "attributes": [
              {
                "name": "class"
              },
              {
                "type": {
                  "text": "'blank' | 'success' | 'loading' | 'error' | 'custom'"
                },
                "description": "type of toast items",
                "name": "type"
              }
            ],
            "superclass": {
              "name": "HTMLElement"
            },
            "tagName": "wc-toast-item",
            "summary": "- item component that can be used to display toast notifications",
            "customElement": true
          }
        ],
        "exports": [
          {
            "kind": "js",
            "name": "default",
            "declaration": {
              "name": "WCToastItem",
              "module": "src/wc-toast-item.js"
            }
          },
          {
            "kind": "custom-element-definition",
            "name": "wc-toast-item",
            "declaration": {
              "name": "WCToastItem",
              "module": "src/wc-toast-item.js"
            }
          }
        ]
      },
      {
        "kind": "javascript-module",
        "path": "src/wc-toast.js",
        "declarations": [
          {
            "kind": "class",
            "description": "",
            "name": "WCToast",
            "slots": [
              {
                "description": "This is a default/unnamed slot",
                "name": ""
              }
            ],
            "members": [
              {
                "kind": "method",
                "name": "arrangeToastPosition",
                "parameters": [
                  {
                    "name": "position"
                  }
                ]
              },
              {
                "kind": "method",
                "name": "template",
                "static": true
              },
              {
                "kind": "field",
                "name": "template"
              },
              {
                "kind": "field",
                "name": "innerHTML"
              }
            ],
            "attributes": [
              {
                "name": "position",
                "type": {
                  "text": "'top-center'|'top-left'|'top-right'|'bottom-center'|'bottom-left'|'bottom-right'"
                },
                "description": "toast item elements position"
              }
            ],
            "superclass": {
              "name": "HTMLElement"
            },
            "tagName": "wc-toast",
            "summary": "container for toast items",
            "customElement": true
          }
        ],
        "exports": [
          {
            "kind": "js",
            "name": "default",
            "declaration": {
              "name": "WCToast",
              "module": "src/wc-toast.js"
            }
          },
          {
            "kind": "custom-element-definition",
            "name": "wc-toast",
            "declaration": {
              "name": "WCToast",
              "module": "src/wc-toast.js"
            }
          }
        ]
      }
    ]
  }